Compass,S4
173,
183,
190,
190A,
AFSTOCK,
AFSUPER,
CAPSTOCK,
CASPTRACK1,
CASYRINGE,
CBCED,
CBCHROMA,
CBCHROMACOLD,
CBCTSTOCK,
CBCTSUPER,
CBFOXTROT,
CBLEVER,
CBMILTON,
CBMNPOU,
CBPFS-BAG,
CBPFS-WASH,
CBPOU,
CBSAMPLE,
CBSLFSTOCK,
CBSVFSTOCK,
CBSYRINGEBAG,
CBZELDA,
DCBOWL,
DCSILV,
DCSTOCK,
DDFT C2F1,
DDFT MFG,
DDFT RDC,
DDFT RDI,
ELXRKANBAN,
FGELIXIR,
FGGR,
FGPPTUBE,
FGSTG,
FLTRM,
GFFPPUT,
GFSTG,
GPPLMFL,
INPACK,
INQUAD,
INSUPER,
INTBGTAP,
INTPTUBE,
LMFL,
LSPACK,
LSSECOND,
M6 FAL,
M6FAL,
NON-FTZ VENTING FG,
P-02-09-00-A,
PLTR8,
POBBSPLYRM,
PODBSPLYRM,
PODSPLYRM,
PRO-ATO,
PRODIPD,
RAWFLEX,
RGLAN,
SHPNG,
SORTEDNONPASS,
SORTMETALPASS,
SZTAN,
TBSAMPLE,
TFASS,
TFINS,
WAPACK,
WB20B,
WBLYOPACK,
WBPACK,
WBPUTAWAY,
WBQUALITY,
WBWIP689,
WBWIP82,
WBWIP86,
WBWIP87,
WHDOCK,
WHPACK,
WHS FG,
WHS OTIS,
WPBACK,
